Feature name	Note	Registry ID	GRACEv2 Plate	GRACEv2 Position	No_DOX_score	DOX_score	Essential_verdict
C1_04210C_A		GELC0002	Plate 01	A07	0	4	E
C2_09840W_A		GELC0004	Plate 01	A08	0	1.25	GD
C2_01480W_A		GELC0005	Plate 01	A09	0	1.25	GD
CR_02550C_A		GELC0008	Plate 01	A10	0	4	E
C3_01530C_A		GELC0009	Plate 01	A11	0	0	NE
C1_01880C_A		GELC0012	Plate 01	A12	0	0	NE
C1_01940C_A		GELC0013	Plate 01	B01	0	0	NE
C1_02460W_A		GELC0014	Plate 01	B02	0	4	E
C1_02900C_A		GELC0015	Plate 01	B03	0.166666667	0	NE
C5_05280C_A		GELC0016	Plate 01	B04	0.333333333	0	NE
C2_04950C_A		GELC0018	Plate 01	B05	0.75	0.25	GD
C2_01620W_A		GELC0019	Plate 01	B06	0.166666667	0.166666667	GD
C1_09030C_A		GELC0020	Plate 01	B07	0	0	NE
C1_12590W_A		GELC0022	Plate 01	B08	0	0	NE
C1_07600W_A		GELC0024	Plate 01	B09	0	0	NE
CR_01740W_A		GELC0028	Plate 01	B10	0	0.166666667	GD
C2_08650W_A		GELC0029	Plate 01	B11	0	0	NE
C2_05760C_A		GELC0030	Plate 01	B12	0	0	NE
C2_07550W_A		GELC0031	Plate 01	C01	0	0	NE
C1_02650W_A		GELC0032	Plate 01	C02	0.333333333	0.166666667	GD
C1_01630W_A		GELC0033	Plate 01	C03	0.333333333	0	NE
C1_03090W_A		GELC0034	Plate 01	C04	0	3.666666667	E
C1_03900W_A		GELC0035	Plate 01	C05	0	0	NE
C1_04420C_A		GELC0036	Plate 01	C06	0.166666667	0.333333333	GD
C1_05360C_A		GELC0038	Plate 01	C07	0.166666667	0.333333333	GD
C1_07270W_A		GELC0040	Plate 01	C08	0.333333333	0	NE
C1_08330C_A		GELC0041	Plate 01	C09	0.333333333	0	NE
C1_08450C_A		GELC0042	Plate 01	C10	0.333333333	4	E
C1_08460C_A		GELC0043	Plate 01	C11	0	0	NE
C1_08540C_A		GELC0044	Plate 01	C12	0	0	NE
C1_09730W_A		GELC0046	Plate 01	D01	0	4	E
C1_10380C_A		GELC0047	Plate 01	D02	0	2.25	GD
C1_11450C_A		GELC0048	Plate 01	D03	0	4	E
C1_12600C_A		GELC0049	Plate 01	D04	0.166666667	0	NE
C1_14110C_A		GELC0053	Plate 01	D05	0.166666667	4	E
C1_14210C_A		GELC0054	Plate 01	D06	0.5	0	NE
C1_14490C_A		GELC0055	Plate 01	D07	0.625	0.5	GD
C2_00430C_A		GELC0056	Plate 01	D08	0	0	NE
C2_00570W_A		GELC0057	Plate 01	D09	0	2.25	GD
C2_01320W_A		GELC0058	Plate 01	D10	0	1.75	GD
C2_01730W_A		GELC0059	Plate 01	D11	0	2.625	GD
C2_03070C_A		GELC0060	Plate 01	D12	0	0	NE
C2_03100W_A		GELC0061	Plate 01	E01	0	4	E
C2_05540C_A		GELC0064	Plate 01	E02	0	1.5	GD
C2_06830C_A		GELC0065	Plate 01	E03	0.166666667	3.333333333	E
C2_07060W_A		GELC0066	Plate 01	E04	0	1.625	GD
C2_07170C_A		GELC0067	Plate 01	E05	0.5	0	NE
C2_07490W_A		GELC0068	Plate 01	E06	0	1.375	GD
C2_07960C_A		GELC0069	Plate 01	E07	0.166666667	3.333333333	E
C2_08470C_A		GELC0071	Plate 01	E08	0.166666667	0	NE
C2_10230W_A		GELC0072	Plate 01	E09	0.166666667	0	NE
C2_10860C_A		GELC0073	Plate 01	E10	0	1.875	GD
C3_00280C_A		GELC0075	Plate 01	E11	0	0	NE
C3_00510W_A		GELC0076	Plate 01	E12	0	0	NE
C3_00570C_A		GELC0077	Plate 01	F01	0	0.166666667	GD
C3_02690C_A		GELC0079	Plate 01	F02	0	0	NE
C3_04930C_A		GELC0081	Plate 01	F03	0	0.5	GD
C3_05650W_A		GELC0084	Plate 01	F04	0.25	0.875	GD
C3_06110C_A		GELC0086	Plate 01	F05	0	0.166666667	GD
C3_06890W_A		GELC0090	Plate 01	F06	0.166666667	0.166666667	GD
C3_07110W_A		GELC0091	Plate 01	F07	0	4	E
C3_07390C_A		GELC0092	Plate 01	F08	0	1.375	GD
C3_07440W_A		GELC0093	Plate 01	F09	0.625	2.375	GD
C4_00780C_A		GELC0094	Plate 01	F10	0	0	NE
C4_02770C_A		GELC0097	Plate 01	F11	0.166666667	0	NE
C4_03170W_A		GELC0098	Plate 01	F12	0	0	NE
C4_04000W_A		GELC0100	Plate 01	G01	0	0	NE
C4_04920W_A		GELC0101	Plate 01	G02	0	0	NE
C4_05100C_A		GELC0102	Plate 01	G03	0.166666667	0.166666667	GD
C4_05180C_A		GELC0103	Plate 01	G04	0	0	NE
C4_06030W_A		GELC0104	Plate 01	G05	0	4	E
C5_01390C_A		GELC0106	Plate 01	G06	0	0.375	GD
C1_00060W_A		GELC0109	Plate 01	G07	0	0.5	GD
C1_00160C_A		GELC0111	Plate 01	G08	0	0.875	GD
C6_02680W_A		GELC0112	Plate 01	G09	0	0	NE
C6_03110C_A		GELC0113	Plate 01	G10	0	0	NE
C6_03770C_A		GELC0114	Plate 01	G11	0	0	NE
C7_00530C_A		GELC0116	Plate 01	G12	0	0	NE
C7_01470C_A		GELC0118	Plate 01	H01	0	4	E
C7_01760C_A		GELC0119	Plate 01	H02	0	0	NE
CR_01230C_A		GELC0121	Plate 01	H03	0	0	NE
CR_02630C_A		GELC0122	Plate 01	H04	0	0	NE
CR_03910C_A		GELC0123	Plate 01	H05	0	0	NE
CR_03990C_A		GELC0124	Plate 01	H06	0	3.5	E
CR_08980C_A		GELC0126	Plate 01	H07	0	0	NE
C4_03900C_A		GELC0127	Plate 01	H08	0	0	NE
C4_04570W_A		GELC0128	Plate 01	H09	0	0	NE
C1_14100W_A		GELC0130	Plate 01	H10	0	0	NE
C2_06910W_A		GELC0131	Plate 01	H11	0	0	NE
C6_01120C_A		GELC0135	Plate 01	H12	0	0	NE
	CaLC3365 Wild type HIS+		Plate 02	A01			
	Empty		Plate 02	A02			
	Empty		Plate 02	A03			
	CaLC6106 Wild type HIS-		Plate 02	A04			
	tetO-BRC1 Nonessential control		Plate 02	A05			
	tetO-HSP90 Essential control		Plate 02	A06			
C6_03630W_A		GELC0136	Plate 02	A07	0	0	NE
CR_00320C_A		GELC0137	Plate 02	A08	0	0	NE
CR_04200W_A		GELC0138	Plate 02	A09	0	0	NE
CR_06520C_A		GELC0139	Plate 02	A10	0	0	NE
C1_00360W_A		GELC0141	Plate 02	A11	0	0	NE
C1_00540C_A		GELC0142	Plate 02	A12	0	0	NE
C1_01070C_A		GELC0143	Plate 02	B01	0	4	E
C2_00090W_A		GELC0144	Plate 02	B02	0	0	NE
C1_01490W_A		GELC0145	Plate 02	B03	0	0	NE
C1_01600W_A		GELC0146	Plate 02	B04	0	3.833333333	E
C1_01680C_A		GELC0147	Plate 02	B05	0	0	NE
C1_05390C_A		GELC0150	Plate 02	B06	0	0	NE
C1_05680C_A		GELC0151	Plate 02	B07	0	0	NE
C1_06230C_A		GELC0152	Plate 02	B08	0	3.666666667	E
C2_00590W_A		GELC0153	Plate 02	B09	0	0	NE
C1_08520C_A		GELC0155	Plate 02	B10	0	3.666666667	E
C1_08550C_A		GELC0156	Plate 02	B11	0	0	NE
C1_08630W_A		GELC0157	Plate 02	B12	0	0	NE
C1_09450C_A		GELC0158	Plate 02	C01	0	0.875	GD
C1_09670C_A		GELC0160	Plate 02	C02	0	4	E
C1_10260C_A		GELC0161	Plate 02	C03	0	0	NE
C1_10910C_A		GELC0162	Plate 02	C04	0	0	NE
C1_12040W_A		GELC0163	Plate 02	C05	0	0	NE
C1_12260W_A		GELC0164	Plate 02	C06	0	0	NE
C1_12690C_A		GELC0168	Plate 02	C07	0	0	NE
C2_04740C_A		GELC0169	Plate 02	C08	0	0	NE
C2_09300W_A		GELC0170	Plate 02	C09	0	0	NE
C2_04770W_A		GELC0171	Plate 02	C10	0	0	NE
C2_01200C_A		GELC0173	Plate 02	C11	0	4	E
C2_01260W_A		GELC0174	Plate 02	C12	0	0	NE
C2_02160W_A		GELC0175	Plate 02	D01	0	0	NE
C2_02900W_A		GELC0176	Plate 02	D02	0	0	NE
C2_03890W_A		GELC0177	Plate 02	D03	0	0	NE
C1_08100W_A		GELC0178	Plate 02	D04	0	0	NE
C4_01890C_A		GELC0179	Plate 02	D05	0	0	NE
CR_02140W_A		GELC0180	Plate 02	D06	0	0	NE
C3_01470W_A		GELC0181	Plate 02	D07	0	0	NE
C1_05350W_A		GELC0182	Plate 02	D08	0	0	NE
C1_11190W_A		GELC0183	Plate 02	D09	0	0	NE
C1_02380C_A		GELC0184	Plate 02	D10	0	0	NE
C5_05190W_A		GELC0185	Plate 02	D11	0	0	NE
CR_02950C_A		GELC0187	Plate 02	D12	0	1.75	GD
C4_01880W_A		GELC0188	Plate 02	E01	0	3.333333333	E
C5_01710C_A		GELC0189	Plate 02	E02	0	0	NE
CR_03430W_A		GELC0190	Plate 02	E03	0	0	NE
C3_01300C_A		GELC0191	Plate 02	E04	0	0	NE
C2_03950W_A		GELC0193	Plate 02	E05	0	0	NE
C6_00550W_A		GELC0195	Plate 02	E06	0	3.333333333	E
CR_01370C_A		GELC0196	Plate 02	E07	0	2.125	GD
CR_00410W_A		GELC0197	Plate 02	E08	0	0	NE
CR_03950W_A		GELC0198	Plate 02	E09	0	0	NE
C6_02370C_A		GELC0199	Plate 02	E10	0	0.625	GD
CR_10740W_A		GELC0201	Plate 02	E11	0	0	NE
C4_06740C_A		GELC0202	Plate 02	E12	0	0	NE
C4_03200C_A		GELC0203	Plate 02	F01	0	0	NE
C4_05020W_A		GELC0204	Plate 02	F02	0	1.625	GD
C3_01850W_A		GELC0205	Plate 02	F03	0	0	NE
C7_03000C_A		GELC0206	Plate 02	F04	0	3.833333333	E
CR_05100W_A		GELC0207	Plate 02	F05	0	0	NE
CR_06940W_A		GELC0208	Plate 02	F06	0	0	NE
C4_03330W_A		GELC0209	Plate 02	F07	0	0	NE
C3_03090W_A		GELC0210	Plate 02	F08	0	0	NE
C6_00790C_A		GELC0211	Plate 02	F09	0	0	NE
C2_10090C_A		GELC0212	Plate 02	F10	0	0	NE
C5_01480W_A		GELC0213	Plate 02	F11	0	0	NE
C5_02780W_A		GELC0214	Plate 02	F12	0	0.5	GD
C4_01150W_A		GELC0215	Plate 02	G01	0	2.75	GD
C7_00730W_A		GELC0216	Plate 02	G02	0	2.375	GD
C3_02670W_A		GELC0218	Plate 02	G03	0	0	NE
CR_07350W_A		GELC0219	Plate 02	G04	0	0	NE
C5_03410C_A		GELC0220	Plate 02	G05	0	3.5	E
C6_01960W_A		GELC0221	Plate 02	G06	0	0	NE
C5_04030W_A		GELC0222	Plate 02	G07	0	0	NE
C7_01370W_A		GELC0223	Plate 02	G08	0	0	NE
C2_04370W_A		GELC0224	Plate 02	G09	0	3.5	E
C4_04600C_A		GELC0225	Plate 02	G10	0	0	NE
C5_01530C_A		GELC0226	Plate 02	G11	0	0	NE
C6_02840C_A		GELC0227	Plate 02	G12	0	0	NE
C6_03220W_A		GELC0228	Plate 02	H01	0	0	NE
C3_01800C_A		GELC0229	Plate 02	H02	0	0.166666667	GD
C6_01000C_A		GELC0230	Plate 02	H03	0	0	NE
C3_06740W_A		GELC0231	Plate 02	H04	0	0	NE
CR_00050W_A		GELC0232	Plate 02	H05	0	0	NE
C3_05950W_A		GELC0233	Plate 02	H06	0	0	NE
CR_03350C_A		GELC0234	Plate 02	H07	0	0	NE
CR_08470W_A		GELC0235	Plate 02	H08	0	0	NE
CR_08500W_A		GELC0236	Plate 02	H09	0	0	NE
C4_04910C_A		GELC0240	Plate 02	H10	0	0.166666667	GD
C6_02540C_A		GELC0241	Plate 02	H11	0	0	NE
C6_03200W_A		GELC0242	Plate 02	H12	0	3.166666667	E
	CaLC3365 Wild type HIS+		Plate 03	A01			
	CaLC6106 Wild type HIS-		Plate 03	A02			
	Empty		Plate 03	A03			
	Empty		Plate 03	A04			
	tetO-BRC1 Nonessential control		Plate 03	A05			
	tetO-HSP90 Essential control		Plate 03	A06			
C3_06880W_A		GELC0244	Plate 03	A07	0	0	NE
CR_02600W_A		GELC0247	Plate 03	A08	0	0	NE
C4_01720C_A		GELC0249	Plate 03	A09	0	0	NE
CR_04330W_A		GELC0250	Plate 03	A10	0	0	NE
C7_03210W_A		GELC0251	Plate 03	A11	0	0	NE
CR_07390C_A		GELC0252	Plate 03	A12	0	3.166666667	E
CR_02440W_A		GELC0254	Plate 03	B01	0	0	NE
C4_02370C_A		GELC0255	Plate 03	B02	0	0	NE
CR_00810W_A		GELC0256	Plate 03	B03	0	0	NE
CR_09970W_A		GELC0257	Plate 03	B04	0	1.125	GD
C1_07390W_A		GELC0259	Plate 03	B05	0	0	NE
C2_06150C_A		GELC0260	Plate 03	B06	0	0	NE
C1_03990W_A		GELC0263	Plate 03	B07	0	0	NE
C2_03760C_A		GELC0264	Plate 03	B08	0	0	NE
C2_09980W_A		GELC0266	Plate 03	B09	0	0	NE
C4_03770W_A		GELC0267	Plate 03	B10	0	0	NE
C2_10600W_A		GELC0268	Plate 03	B11	0	0	NE
C2_04930C_A		GELC0272	Plate 03	B12	0	0	NE
C6_01190C_A		GELC0273	Plate 03	C01	0	0	NE
C1_00780C_A		GELC0274	Plate 03	C02	0	0	NE
C2_04980C_A		GELC0275	Plate 03	C03	0	0	NE
C6_02160W_A		GELC0276	Plate 03	C04	0	0	NE
C4_05030C_A		GELC0277	Plate 03	C05	0	0	NE
C6_00350W_A		GELC0278	Plate 03	C06	0	0	NE
CR_05940W_A		GELC0279	Plate 03	C07	0	0	NE
C2_04260W_A		GELC0280	Plate 03	C08	0	0	NE
C1_13470W_A		GELC0281	Plate 03	C09	0	0	NE
CR_03900W_A		GELC0282	Plate 03	C10	0	0	NE
C2_03770C_A		GELC0283	Plate 03	C11	0	0	NE
C2_10260C_A		GELC0284	Plate 03	C12	0	0	NE
C3_06620W_A		GELC0285	Plate 03	D01	0	0	NE
CR_10660W_A		GELC0287	Plate 03	D02	0	0	NE
C3_04550C_A		GELC0288	Plate 03	D03	0	0	NE
C5_03310C_A		GELC0289	Plate 03	D04	0	0	NE
C1_06780W_A		GELC0290	Plate 03	D05	0	0	NE
C3_00790W_A		GELC0291	Plate 03	D06	0	0	NE
C5_02560C_A		GELC0292	Plate 03	D07	0	0.166666667	GD
CR_02040W_A		GELC0293	Plate 03	D08	0	0	NE
C6_02190C_A		GELC0294	Plate 03	D09	0	0	NE
C2_00300C_A		GELC0296	Plate 03	D10	0	0	NE
C5_01490C_A		GELC0297	Plate 03	D11	0	0	NE
C1_04520C_A		GELC0298	Plate 03	D12	0	0	NE
C4_04460C_A		GELC0300	Plate 03	E01	0	0	NE
C7_04110W_A		GELC0301	Plate 03	E02	0	0	NE
C2_10750C_A		GELC0303	Plate 03	E03	0	0	NE
C2_09230C_A		GELC0304	Plate 03	E04	0	0	NE
C7_02800W_A		GELC0305	Plate 03	E05	0	0	NE
C1_04090C_A		GELC0307	Plate 03	E06	0	0	NE
C1_13610C_A		GELC0308	Plate 03	E07	0	0	NE
C1_10010C_A		GELC0309	Plate 03	E08	0	0	NE
C6_03010W_A		GELC0310	Plate 03	E09	0	0	NE
C7_02990W_A		GELC0311	Plate 03	E10	0	0	NE
C2_04760W_A		GELC0312	Plate 03	E11	0	0	NE
C5_02670W_A		GELC0313	Plate 03	E12	0	0	NE
CR_07240C_A		GELC0314	Plate 03	F01	0	0	NE
C1_06680W_A		GELC0315	Plate 03	F02	0	0	NE
C1_07380C_A		GELC0316	Plate 03	F03	0	0	NE
C1_07970C_A		GELC0317	Plate 03	F04	0	0	NE
C1_10210C_A		GELC0318	Plate 03	F05	0	0	NE
C1_11400C_A		GELC0319	Plate 03	F06	0	0	NE
C2_07330W_A		GELC0320	Plate 03	F07	0	0.666666667	GD
C7_00740W_A		GELC0322	Plate 03	F08	0	0	NE
CR_00260W_A		GELC0323	Plate 03	F09	0	0	NE
C1_05760C_A		GELC0328	Plate 03	F10	0	0	NE
C1_05960W_A		GELC0329	Plate 03	F11	0	0	NE
C2_00660C_A		GELC0331	Plate 03	F12	0	0	NE
C2_00800C_A		GELC0332	Plate 03	G01	0	0	NE
C2_00910W_A		GELC0333	Plate 03	G02	0	0	NE
C2_03350W_A		GELC0334	Plate 03	G03	0	0	NE
C2_03440W_A		GELC0335	Plate 03	G04	0	0	NE
C2_08590W_A		GELC0337	Plate 03	G05	0	0	NE
C2_09210W_A		GELC0339	Plate 03	G06	0	0	NE
C3_01370C_A		GELC0340	Plate 03	G07	0	0	NE
C3_02300W_A		GELC0341	Plate 03	G08	0	0	NE
C3_03050C_A		GELC0342	Plate 03	G09	0	0	NE
C3_06190C_A		GELC0343	Plate 03	G10	0	0	NE
C3_07160W_A		GELC0344	Plate 03	G11	0	0	NE
C4_01330W_A		GELC0346	Plate 03	G12	0	0	NE
C4_01340W_A		GELC0347	Plate 03	H01	0	0	NE
C4_01360W_A		GELC0348	Plate 03	H02	0	0	NE
C4_02390W_A		GELC0349	Plate 03	H03	0	0	NE
C4_02440C_A		GELC0350	Plate 03	H04	0	0	NE
C4_03510C_A		GELC0352	Plate 03	H05	0	0	NE
C4_04070C_A		GELC0353	Plate 03	H06	0	0	NE
C4_04470W_A		GELC0354	Plate 03	H07	0	0	NE
C4_04530C_A		GELC0355	Plate 03	H08	0	0	NE
C4_06310C_A		GELC0356	Plate 03	H09	0	0	NE
C4_06550C_A		GELC0357	Plate 03	H10	0	0	NE
C4_06560W_A		GELC0358	Plate 03	H11	0	0	NE
C6_01680C_A		GELC0359	Plate 03	H12	0	0	NE
	CaLC3365 Wild type HIS+		Plate 04	A01			
	CaLC6106 Wild type HIS-		Plate 04	A02			
	tetO-BRC1 Nonessential control		Plate 04	A03			
	Empty		Plate 04	A04			
	Empty		Plate 04	A05			
	tetO-HSP90 Essential control		Plate 04	A06			
C6_03060W_A		GELC0360	Plate 04	A07	0	0	NE
C6_03860C_A		GELC0363	Plate 04	A08	0	0	NE
C6_04130C_A		GELC0364	Plate 04	A09	0	0	NE
C7_00190W_A		GELC0365	Plate 04	A10	0	0	NE
C7_00860W_A		GELC0366	Plate 04	A11	0	0	NE
C7_03110W_A		GELC0367	Plate 04	A12	0	0	NE
CR_01430W_A		GELC0368	Plate 04	B01	0	0	NE
C3_05050W_A		GELC0369	Plate 04	B02	0	0	NE
C5_00940C_A		GELC0370	Plate 04	B03	0	0.5	GD
CR_04420C_A		GELC0371	Plate 04	B04	0	0	NE
CR_08190W_A		GELC0372	Plate 04	B05	0	0	NE
CR_09690C_A		GELC0373	Plate 04	B06	0	0	NE
C1_13450W_A		GELC0374	Plate 04	B07	0	0	NE
C2_08990C_A		GELC0375	Plate 04	B08	0	0	NE
C3_06320W_A		GELC0376	Plate 04	B09	0	0	NE
C5_00730W_A		GELC0377	Plate 04	B10	0	0	NE
C6_00070C_A		GELC0378	Plate 04	B11	0	0	NE
C6_03710W_A		GELC0379	Plate 04	B12	0	0	NE
C7_00090C_A		GELC0380	Plate 04	C01	0	0	NE
CR_00610W_A		GELC0381	Plate 04	C02	0	0	NE
CR_01290C_A		GELC0382	Plate 04	C03	0	0	NE
CR_02680W_A		GELC0389	Plate 04	C04	0	4	E
CR_08950W_A		GELC0391	Plate 04	C05	0	0	NE
C1_05660C_A		GELC0393	Plate 04	C06	0	4	E
C5_02230W_A		GELC0394	Plate 04	C07	0	4	E
C3_00290W_A		GELC0395	Plate 04	C08	0	4	E
CR_01610C_A		GELC0396	Plate 04	C09	0	0	NE
C2_02240C_A		GELC0397	Plate 04	C10	0	0	NE
C1_02810W_A		GELC0398	Plate 04	C11	0	0	NE
C1_06650W_A		GELC0399	Plate 04	C12	0	0	NE
C1_03730C_A		GELC0400	Plate 04	D01	0	0	NE
C5_04600C_A		GELC0401	Plate 04	D02	0	0	NE
C7_03870W_A		GELC0402	Plate 04	D03	0	0	NE
C2_00970C_A		GELC0403	Plate 04	D04	0	0	NE
C5_00560W_A		GELC0404	Plate 04	D05	0	0	NE
C4_01470W_A		GELC0405	Plate 04	D06	0	0	NE
C4_00460C_A		GELC0406	Plate 04	D07	0	0.333333333	GD
C7_02860C_A		GELC0407	Plate 04	D08	0	0	NE
C7_04050W_A		GELC0408	Plate 04	D09	0	0	NE
C1_05330C_A		GELC0409	Plate 04	D10	0	0	NE
C1_04960C_A		GELC0410	Plate 04	D11	0	0	NE
C1_03810C_A		GELC0412	Plate 04	D12	0	0	NE
C4_05250W_A		GELC0413	Plate 04	E01	0	0	NE
C6_03050C_A		GELC0414	Plate 04	E02	0	0	NE
C3_00310C_A		GELC0415	Plate 04	E03	0	0	NE
C3_07610W_A		GELC0416	Plate 04	E04	0	0	NE
C5_03570W_A		GELC0417	Plate 04	E05	0.333333333	0	NE
C3_05110W_A		GELC0418	Plate 04	E06	0	0	NE
C3_00940W_A		GELC0419	Plate 04	E07	0	0	NE
C1_01560W_A		GELC0420	Plate 04	E08	0.333333333	0	NE
C2_10050W_A		GELC0423	Plate 04	E09	0	0	NE
C3_04970C_A		GELC0424	Plate 04	E10	0	0	NE
C4_02960W_A		GELC0425	Plate 04	E11	0	0	NE
C1_03610C_A		GELC0428	Plate 04	E12	0	0	NE
C1_05300C_A		GELC0430	Plate 04	F01	0	0	NE
C2_00700W_A		GELC0431	Plate 04	F02	0	0	NE
C3_06230W_A		GELC0432	Plate 04	F03	0	0	NE
C4_03230C_A		GELC0433	Plate 04	F04	0	0	NE
C4_04550C_A		GELC0434	Plate 04	F05	0	0	NE
C5_00860W_A		GELC0435	Plate 04	F06	0	0	NE
CR_09470W_A		GELC0436	Plate 04	F07	0	0	NE
C6_02860W_A		GELC0437	Plate 04	F08	0	0	NE
CR_04340W_A		GELC0438	Plate 04	F09	0	0	NE
C1_13780W_A		GELC0439	Plate 04	F10	0	2.375	GD
C2_04230W_A		GELC0440	Plate 04	F11	0	0	NE
C2_04500W_A		GELC0441	Plate 04	F12	0	0.166666667	GD
C3_02960C_A		GELC0443	Plate 04	G01	0	0	NE
C3_04760C_A		GELC0444	Plate 04	G02	0	0	NE
CR_00640W_A		GELC0447	Plate 04	G03	0	4	E
CR_03700C_A		GELC0448	Plate 04	G04	0	0	NE
C2_02760W_A		GELC0449	Plate 04	G05	0	0	NE
C3_05680W_A		GELC0451	Plate 04	G06	0	0	NE
C2_09930W_A		GELC0453	Plate 04	G07	0	0	NE
C1_05750C_A		GELC0455	Plate 04	G08	0	0	NE
C3_00670C_A		GELC0456	Plate 04	G09			
C2_04220C_A		GELC0459	Plate 04	G10	0	0	NE
C1_03740W_A		GELC0460	Plate 04	G11	0	0	NE
C1_07020C_A		GELC0461	Plate 04	G12	0	0.166666667	GD
C1_00670C_A		GELC0462	Plate 04	H01	0	0	NE
C3_05470W_A		GELC0463	Plate 04	H02	0	0	NE
CR_03240C_A		GELC0464	Plate 04	H03	0	0	NE
C1_09180W_A		GELC0465	Plate 04	H04	0	0	NE
C6_02750C_A		GELC0466	Plate 04	H05	0	0	NE
C4_02500C_A		GELC0468	Plate 04	H06	0	0	NE
C4_02530W_A		GELC0470	Plate 04	H07	0	0	NE
C3_05920W_A		GELC0471	Plate 04	H08	0	0	NE
C2_02530W_A		GELC0473	Plate 04	H09	0	0	NE
C4_02220C_A		GELC0475	Plate 04	H10	0	0	NE
C1_11810W_A		GELC0476	Plate 04	H11	0	0	NE
C1_09100W_A		GELC0478	Plate 04	H12	0	0	NE
	CaLC3365 Wild type HIS+		Plate 05	A01			
	CaLC6106 Wild type HIS-		Plate 05	A02			
	tetO-BRC1 Nonessential control		Plate 05	A03			
	tetO-HSP90 Essential control		Plate 05	A04			
	Empty		Plate 05	A05			
	Empty		Plate 05	A06			
CR_05540C_A		GELC0479	Plate 05	A07	0	0	NE
C5_01500C_A		GELC0480	Plate 05	A08	0	0	NE
C2_01870C_A		GELC0481	Plate 05	A09	0	0	NE
C2_01880C_A		GELC0482	Plate 05	A10	0	0	NE
C7_03220C_A		GELC0483	Plate 05	A11	0	0	NE
C3_01580W_A		GELC0484	Plate 05	A12	0	0	NE
C5_01850C_A		GELC0485	Plate 05	B01	0	0	NE
C2_02250C_A		GELC0486	Plate 05	B02	0	0	NE
CR_02120C_A		GELC0488	Plate 05	B03	0	0	NE
C3_06850W_A		GELC0490	Plate 05	B04	0	0	NE
C2_01890W_A		GELC0491	Plate 05	B05	0	0	NE
C4_01380W_A		GELC0492	Plate 05	B06	0	0	NE
C3_06310C_A		GELC0493	Plate 05	B07	0	0	NE
C3_05930W_A		GELC0494	Plate 05	B08	0	0	NE
C5_02180C_A		GELC0495	Plate 05	B09	0	0	NE
C3_02640C_A		GELC0496	Plate 05	B10	0	0	NE
CR_06240C_A		GELC0497	Plate 05	B11	0	0	NE
C3_01220W_A		GELC0498	Plate 05	B12	0	0	NE
C2_00720C_A		GELC0499	Plate 05	C01	0	0	NE
C3_07200C_A		GELC0500	Plate 05	C02	0	0	NE
C1_04510W_A		GELC0501	Plate 05	C03	0	0	NE
C1_04560W_A		GELC0502	Plate 05	C04	0	0	NE
C4_03160C_A		GELC0503	Plate 05	C05	0	0	NE
C4_06820C_A		GELC0504	Plate 05	C06	0	0	NE
C4_04730W_A		GELC0505	Plate 05	C07	0	0.333333333	GD
C3_04530C_A		GELC0506	Plate 05	C08	0	0	NE
C1_12130C_A		GELC0508	Plate 05	C09	0	0	NE
CR_02640W_A		GELC0509	Plate 05	C10	0.333333333	0	NE
C1_13640W_A		GELC0512	Plate 05	C11	0	0	NE
C3_07860C_A		GELC0513	Plate 05	C12	0	0	NE
CR_03890W_A		GELC0514	Plate 05	D01	0	0.166666667	GD
C5_01810W_A		GELC0515	Plate 05	D02	0	0	NE
C3_06790W_A		GELC0516	Plate 05	D03	0	0	NE
C1_10570C_A		GELC0517	Plate 05	D04	0	0	NE
C4_05700W_A		GELC0519	Plate 05	D05	0	0.166666667	GD
C1_01860W_A		GELC0523	Plate 05	D06	0	0.166666667	GD
C1_05140W_A		GELC0524	Plate 05	D07	0.375	0.625	GD
C1_06130C_A		GELC0525	Plate 05	D08	0	0.166666667	GD
C1_06280C_A		GELC0526	Plate 05	D09	0	0	NE
C1_07670W_A		GELC0527	Plate 05	D10	0	0.166666667	GD
C1_08940C_A		GELC0528	Plate 05	D11	0	0	NE
C1_09380W_A		GELC0529	Plate 05	D12	0	0	NE
C1_11520C_A		GELC0530	Plate 05	E01	0	0	NE
C1_11690W_A		GELC0531	Plate 05	E02	0	0	NE
C1_13960W_A		GELC0533	Plate 05	E03	0	0.166666667	GD
C2_01700C_A		GELC0535	Plate 05	E04	0	0.166666667	GD
C2_05640W_A		GELC0536	Plate 05	E05	0	0.166666667	GD
C2_10660W_A		GELC0538	Plate 05	E06	0	0.5	GD
C3_00750W_A		GELC0539	Plate 05	E07	0.166666667	0	NE
C3_02220W_A		GELC0540	Plate 05	E08	0.333333333	0	NE
C3_05170W_A		GELC0541	Plate 05	E09	0	0	NE
C3_07560W_A		GELC0542	Plate 05	E10	0	0	NE
C3_07790W_A		GELC0543	Plate 05	E11	0	0.333333333	GD
C6_04350C_A		GELC0544	Plate 05	E12	0	0	NE
C4_04850C_A		GELC0545	Plate 05	F01	0	0	NE
C6_03400C_A		GELC0547	Plate 05	F02	0	0.25	GD
CR_10650W_A		GELC0548	Plate 05	F03	0	0.6	GD
C2_07750W_A		GELC0553	Plate 05	F04	0	0	NE
C5_04900C_A		GELC0554	Plate 05	F05	0	0.166666667	GD
CR_08700C_A		GELC0555	Plate 05	F06	0	0.333333333	GD
C7_03390C_A		GELC0583	Plate 05	F07	0	4	E
C3_05560W_A		GELC0586	Plate 05	F08	0	4	E
C4_06880C_A		GELC0588	Plate 05	F09	0	0	NE
C1_01030W_A		GELC0638	Plate 05	F10	0	0.166666667	GD
C1_01270W_A		GELC0639	Plate 05	F11	0	0.166666667	GD
C1_02130C_A		GELC0640	Plate 05	F12	0	0	NE
C1_02300W_A		GELC0641	Plate 05	G01	0	0	NE
C1_02440C_A		GELC0642	Plate 05	G02	0	0	NE
C1_03250C_A		GELC0643	Plate 05	G03	0	0	NE
C1_04170C_A		GELC0644	Plate 05	G04	0	0.75	GD
C1_04670W_A		GELC0645	Plate 05	G05	0	0	NE
C1_05810W_A		GELC0647	Plate 05	G06	0	0	NE
C1_06630W_A		GELC0649	Plate 05	G07	0	0	NE
C1_07080W_A		GELC0650	Plate 05	G08	0	0	NE
C1_07330W_A		GELC0651	Plate 05	G09	0	0	NE
C1_08270C_A		GELC0654	Plate 05	G10	0	0	NE
C1_08300W_A		GELC0655	Plate 05	G11	0	0.166666667	GD
C1_08810C_A		GELC0656	Plate 05	G12	0	0	NE
C1_09390W_A		GELC0657	Plate 05	H01	0	0	NE
C1_09870W_A		GELC0658	Plate 05	H02	0	0	NE
C1_10330C_A		GELC0659	Plate 05	H03	0	0	NE
C1_11910W_A		GELC0660	Plate 05	H04	0	0	NE
C1_13970C_A		GELC0662	Plate 05	H05	0	0	NE
C2_00440W_A		GELC0663	Plate 05	H06	0	0.166666667	GD
C2_01470W_A		GELC0665	Plate 05	H07	0.625	0	NE
C2_02100W_A		GELC0666	Plate 05	H08	0	0	NE
C2_03520C_A		GELC0667	Plate 05	H09	0	0	NE
C2_03980C_A		GELC0668	Plate 05	H10	0	0	NE
C2_04130W_A		GELC0669	Plate 05	H11	0	0	NE
C2_04490W_A		GELC0670	Plate 05	H12	0	0	NE
	CaLC3365 Wild type HIS+		Plate 06	A01			
	CaLC6106 Wild type HIS-		Plate 06	A02			
	tetO-BRC1 Nonessential control		Plate 06	A03			
	tetO-HSP90 Essential control		Plate 06	A04			
C2_04870C_A		GELC0673	Plate 06	A05	0	0	NE
	Empty		Plate 06	A06			
	Empty		Plate 06	A07			
C2_06220C_A		GELC0674	Plate 06	A08	0	0	NE
C2_07200W_A		GELC0675	Plate 06	A09	0	0	NE
C2_08600W_A		GELC0677	Plate 06	A10	0	0	NE
C2_09040W_A		GELC0678	Plate 06	A11	0	0	NE
C2_10250C_A		GELC0679	Plate 06	A12	0	0	NE
C3_01210C_A		GELC0681	Plate 06	B01	0	0	NE
C3_02240C_A		GELC0682	Plate 06	B02	0	0	NE
C3_05790C_A		GELC0683	Plate 06	B03	0	0	NE
C3_06060W_A		GELC0684	Plate 06	B04	0	0	NE
C3_06470W_A		GELC0686	Plate 06	B05	0	0	NE
C3_07630C_A		GELC0689	Plate 06	B06	0	0	NE
C3_07660W_A		GELC0690	Plate 06	B07	0	0	NE
C4_01780C_A		GELC0692	Plate 06	B08	0	0	NE
C4_02030W_A		GELC0693	Plate 06	B09	0	0	NE
C4_02850W_A		GELC0694	Plate 06	B10	0	0	NE
C4_03440C_A		GELC0695	Plate 06	B11	0	0	NE
C4_03800C_A		GELC0696	Plate 06	B12	0	0	NE
C4_06450W_A		GELC0701	Plate 06	C01	0	0	NE
C4_06730C_A		GELC0702	Plate 06	C02	0	0	NE
C4_07070W_A		GELC0703	Plate 06	C03	0	0	NE
C5_00210C_A		GELC0704	Plate 06	C04	0	0	NE
C5_01340W_A		GELC0705	Plate 06	C05	0	4	E
C5_02160W_A		GELC0707	Plate 06	C06	0	0	NE
C5_02620C_A		GELC0708	Plate 06	C07	0	0	NE
C5_02750C_A		GELC0709	Plate 06	C08	0	0	NE
C5_03550W_A		GELC0710	Plate 06	C09	0	0	NE
C5_03560W_A		GELC0711	Plate 06	C10	0	0	NE
C5_04160W_A		GELC0712	Plate 06	C11	0	0	NE
C5_04410C_A		GELC0713	Plate 06	C12	0	0	NE
C5_04580C_A		GELC0714	Plate 06	D01	0	0	NE
C5_04630W_A		GELC0715	Plate 06	D02	0	0	NE
C6_00190W_A		GELC0716	Plate 06	D03	0	0	NE
C6_01590W_A		GELC0717	Plate 06	D04	0	0	NE
C6_01830W_A		GELC0718	Plate 06	D05	0	0	NE
C6_02170C_A		GELC0719	Plate 06	D06	0	0	NE
C6_02690C_A		GELC0720	Plate 06	D07	0	0.166666667	GD
C6_02790C_A		GELC0721	Plate 06	D08	0	0	NE
C6_03290W_A		GELC0722	Plate 06	D09	0	0	NE
C7_00510W_A		GELC0725	Plate 06	D10	0	0	NE
C7_00600C_A		GELC0726	Plate 06	D11	0	0	NE
C7_00810W_A		GELC0727	Plate 06	D12	0	0	NE
C7_02040C_A		GELC0728	Plate 06	E01	0	0	NE
C7_02110W_A		GELC0729	Plate 06	E02	0	0	NE
C7_03320C_A		GELC0730	Plate 06	E03	0	0	NE
C7_04100C_A		GELC0731	Plate 06	E04	0	0	NE
CR_00140W_A		GELC0733	Plate 06	E05	0	0	NE
CR_00630W_A		GELC0734	Plate 06	E06	0.166666667	0	NE
CR_01580C_A		GELC0735	Plate 06	E07	0	0	NE
CR_02050C_A		GELC0736	Plate 06	E08	0	0	NE
CR_02930W_A		GELC0737	Plate 06	E09	0	0	NE
CR_04130C_A		GELC0739	Plate 06	E10	0	0	NE
CR_05390W_A		GELC0740	Plate 06	E11	0	0	NE
CR_05610C_A		GELC0741	Plate 06	E12	0	0	NE
CR_05670C_A		GELC0742	Plate 06	F01	0	0	NE
CR_05910W_A		GELC0743	Plate 06	F02	0	0	NE
CR_09490W_A		GELC0747	Plate 06	F03	0.333333333	0.166666667	GD
CR_09960C_A		GELC0748	Plate 06	F04	0	0	NE
CR_10450C_A		GELC0750	Plate 06	F05	0	0	NE
C1_05700W_A		GELC0751	Plate 06	F06	0	0	NE
C3_02530W_A		GELC0752	Plate 06	F07	0	0	NE
CR_10270C_A		GELC0754	Plate 06	F08	0	0	NE
C2_02000W_A		GELC0755	Plate 06	F09	0	0	NE
C1_10740C_A		GELC0756	Plate 06	F10	0	0	NE
CR_03070W_A		GELC0757	Plate 06	F11	0	0	NE
CR_08250C_A		GELC0758	Plate 06	F12	0	0	NE
C3_00340W_A		GELC0760	Plate 06	G01	0	0	NE
C3_06950W_A		GELC0761	Plate 06	G02	0	0	NE
CR_10020C_A		GELC0762	Plate 06	G03	0	0	NE
C2_04010C_A		GELC0764	Plate 06	G04	0	0	NE
CR_00830W_A		GELC0765	Plate 06	G05	0	0	NE
CR_10810C_A		GELC0766	Plate 06	G06	0	0	NE
C5_05160C_A		GELC0767	Plate 06	G07	0	0	NE
CR_05780W_A		GELC0768	Plate 06	G08	0	0	NE
C1_10160W_A		GELC0771	Plate 06	G09	0	0.875	GD
C1_00730C_A		GELC0772	Plate 06	G10	0	0	NE
C7_04010W_A		GELC0774	Plate 06	G11	0	1	GD
C7_03860W_A		GELC0775	Plate 06	G12	0	0	NE
C5_00570W_A		GELC0776	Plate 06	H01	0	0	NE
C5_00280C_A		GELC0777	Plate 06	H02	0	0	NE
C1_02840W_A		GELC0780	Plate 06	H03	0	0	NE
CR_08170C_A		GELC0781	Plate 06	H04	0	0	NE
C1_00430W_A		GELC0782	Plate 06	H05	0	0	NE
C3_03660W_A		GELC0783	Plate 06	H06	0	0	NE
C1_03330C_A		GELC0784	Plate 06	H07	0	0	NE
CR_03220C_A		GELC0785	Plate 06	H08	0	0	NE
C2_03530W_A		GELC0786	Plate 06	H09	0	0	NE
C3_05850W_A		GELC0787	Plate 06	H10	0	0	NE
C3_07230W_A		GELC0789	Plate 06	H11	0	0	NE
C3_05710W_A		GELC0791	Plate 06	H12	0	0	NE
	CaLC3365 Wild type HIS+		Plate 07	A01			
	CaLC6106 Wild type HIS-		Plate 07	A02			
	tetO-BRC1 Nonessential control		Plate 07	A03			
	tetO-HSP90 Essential control		Plate 07	A04			
C3_02930W_A		GELC0793	Plate 07	A05	0	0	NE
C1_02610W_A		GELC0794	Plate 07	A06	0	0	NE
	Empty		Plate 07	A07			
	Empty		Plate 07	A08			
C2_05720C_A		GELC0796	Plate 07	A09	0	0	NE
C5_05480W_A		GELC0797	Plate 07	A10	0	0	NE
CR_05830C_A		GELC0798	Plate 07	A11	0	0	NE
C3_03680W_A		GELC0799	Plate 07	A12	0	0	NE
C1_00410C_A		GELC0800	Plate 07	B01	0	0	NE
C1_12080W_A		GELC0801	Plate 07	B02	0	0	NE
CR_10710C_A		GELC0802	Plate 07	B03	1.125	0	NE
C6_02920C_A		GELC0803	Plate 07	B04	0	0	NE
CR_00370W_A		GELC0804	Plate 07	B05	0	0	NE
C1_06880C_A		GELC0805	Plate 07	B06	0	0	NE
CR_00390W_A		GELC0807	Plate 07	B07	0	0	NE
C4_04420W_A		GELC0808	Plate 07	B08	0	0	NE
C1_07850C_A		GELC0809	Plate 07	B09	0	0	NE
C3_04870W_A		GELC0810	Plate 07	B10	0	0	NE
C6_02300C_A		GELC0811	Plate 07	B11	0	0	NE
C1_02230W_A		GELC0812	Plate 07	B12	0	0	NE
C2_07360W_A		GELC0814	Plate 07	C01	0	0	NE
C3_02560W_A		GELC0816	Plate 07	C02	0	0	NE
C5_05450C_A		GELC0818	Plate 07	C03	0	0	NE
C7_00660W_A		GELC0819	Plate 07	C04	0	0	NE
C7_03810W_A		GELC0820	Plate 07	C05	0	0	NE
C1_04050C_A		GELC0823	Plate 07	C06	0	0	NE
C5_02540C_A		GELC0824	Plate 07	C07	0	0	NE
C1_00890W_A		GELC0825	Plate 07	C08	0	0	NE
C1_12450C_A		GELC0827	Plate 07	C09	0.125	0.75	GD
C3_05000W_A		GELC0828	Plate 07	C10	0	0	NE
C1_02870W_A		GELC0830	Plate 07	C11	0	0	NE
CR_00440C_A		GELC0832	Plate 07	C12	0	0	NE
C6_02980C_A		GELC0834	Plate 07	D01	0	0.875	GD
C5_01130W_A		GELC0836	Plate 07	D02	0	0	NE
C1_13680C_A		GELC0837	Plate 07	D03	0	0.75	GD
C4_04100C_A		GELC0838	Plate 07	D04	0	0	NE
C3_06480C_A		GELC0839	Plate 07	D05	0	0	NE
C4_06070C_A		GELC0840	Plate 07	D06	0	0	NE
C1_13600W_A		GELC0841	Plate 07	D07	0	0	NE
C1_07510W_A		GELC0842	Plate 07	D08	0.125	1.125	GD
CR_01570W_A		GELC0843	Plate 07	D09	0.166666667	0	NE
C3_06910C_A		GELC0844	Plate 07	D10	0	0	NE
C7_02810W_A		GELC0846	Plate 07	D11	0	0	NE
C7_02530C_A		GELC0847	Plate 07	D12	0	0	NE
C6_04080W_A		GELC0848	Plate 07	E01	0	0	NE
C3_00260C_A		GELC0849	Plate 07	E02	0	0	NE
C1_10770W_A		GELC0850	Plate 07	E03	0	0	NE
C3_03470W_A		GELC0852	Plate 07	E04	0	0	NE
C5_01560C_A		GELC0854	Plate 07	E05	0	0	NE
C1_02150W_A		GELC0857	Plate 07	E06	0.25	0.25	GD
C3_00200C_A		GELC0859	Plate 07	E07			
C1_14160W_A		GELC0860	Plate 07	E08	0	0	NE
CR_04590C_A		GELC0861	Plate 07	E09	0	0	NE
C2_02020W_A		GELC0863	Plate 07	E10	0	0	NE
C3_07400W_A		GELC0864	Plate 07	E11	0	0	NE
CR_02400W_A		GELC0867	Plate 07	E12	0	0	NE
C4_01730C_A		GELC0868	Plate 07	F01	0	0	NE
C3_06560W_A		GELC0869	Plate 07	F02	0	0	NE
C3_07040C_A		GELC0870	Plate 07	F03	0	0	NE
C5_01700W_A		GELC0871	Plate 07	F04	0	2.5	GD
CR_03490W_A		GELC0872	Plate 07	F05	0	0.5	GD
C4_04440W_A		GELC0873	Plate 07	F06	0	0	NE
C1_03390W_A		GELC0874	Plate 07	F07	0	0	NE
C1_10140C_A		GELC0876	Plate 07	F08	0	0	NE
C5_00220W_A		GELC0877	Plate 07	F09	0	0	NE
C6_03940C_A		GELC0878	Plate 07	F10	0	0	NE
C7_00400W_A		GELC0879	Plate 07	F11	0	0	NE
C1_01750W_A		GELC0881	Plate 07	F12	0	0	NE
C5_01050C_A		GELC0882	Plate 07	G01	0	2.625	GD
C2_09970C_A		GELC0883	Plate 07	G02	0	0	NE
C1_09260C_A		GELC0884	Plate 07	G03	0	0	NE
C3_05420W_A		GELC0885	Plate 07	G04	0	0	NE
C1_03010W_A		GELC0886	Plate 07	G05	0	0.5	GD
C3_03410C_A		GELC0889	Plate 07	G06	0	0	NE
C2_02090W_A		GELC0891	Plate 07	G07	0	0	NE
C4_05580C_A		GELC0892	Plate 07	G08	0	0	NE
C4_03140C_A		GELC0895	Plate 07	G09	0	0	NE
C2_01860C_A		GELC0897	Plate 07	G10	0	0	NE
C2_10010C_A		GELC0898	Plate 07	G11	0	0	NE
C1_09280W_A		GELC0899	Plate 07	G12	0	0	NE
C5_00400C_A		GELC0900	Plate 07	H01	0	0	NE
C2_09080C_A		GELC0901	Plate 07	H02	0	0	NE
CR_08880C_A		GELC0902	Plate 07	H03	0	0	NE
C6_02550W_A		GELC0903	Plate 07	H04	0	0	NE
C3_07220C_A		GELC0905	Plate 07	H05	0	1.5	GD
C7_03590C_A		GELC0906	Plate 07	H06	0	0	NE
C1_12100C_A		GELC0907	Plate 07	H07	0	0	NE
CR_02150W_A		GELC0908	Plate 07	H08	0	0	NE
CR_00330C_A		GELC0909	Plate 07	H09	0	0	NE
C3_03520C_A		GELC0910	Plate 07	H10	0	0	NE
C6_03140C_A		GELC0911	Plate 07	H11	0	0	NE
C5_01270W_A		GELC0912	Plate 07	H12	0	0	NE
	CaLC3365 Wild type HIS+		Plate 08	A01			
	CaLC6106 Wild type HIS-		Plate 08	A02			
	tetO-BRC1 Nonessential control		Plate 08	A03			
	tetO-HSP90 Essential control		Plate 08	A04			
C1_11770C_A		GELC0913	Plate 08	A05	0	0	NE
C1_01350C_A		GELC0914	Plate 08	A06	0	4	E
C6_01630W_A		GELC0915	Plate 08	A07	0	0	NE
	Empty		Plate 08	A08			
	Empty		Plate 08	A09			
C4_06270C_A		GELC0916	Plate 08	A10	0	2.833333333	GD
C7_03620C_A		GELC0923	Plate 08	A11	0	0	NE
C1_14420W_A		GELC0924	Plate 08	A12	0	0	NE
C2_08850C_A		GELC0927	Plate 08	B01	0	0	NE
C3_07850W_A		GELC0930	Plate 08	B02	0	0	NE
C2_10570W_A		GELC0931	Plate 08	B03	0	0	NE
C5_05400W_A		GELC0932	Plate 08	B04	0	0.166666667	GD
C4_00080C_A		GELC0933	Plate 08	B05	0	0	NE
C5_00030W_A		GELC0934	Plate 08	B06	0	0	NE
C5_00140C_A		GELC0936	Plate 08	B07	0	0	NE
C1_14520W_A		GELC0937	Plate 08	B08	0	0	NE
C4_00280W_A		GELC0939	Plate 08	B09	0	0	NE
C3_07890W_A		GELC0941	Plate 08	B10	0	0	NE
C5_05460C_A		GELC0942	Plate 08	B11	0	0	NE
CR_10750C_A		GELC0945	Plate 08	B12	0	0	NE
CR_09330C_A		GELC0946	Plate 08	C01	0	0	NE
C5_00160W_A		GELC0948	Plate 08	C02	0	0	NE
CR_10380C_A		GELC0949	Plate 08	C03	0	0	NE
C7_00140C_A		GELC0953	Plate 08	C04	0	0	NE
C7_00340C_A		GELC0954	Plate 08	C05	0	0	NE
CR_00060C_A		GELC0955	Plate 08	C06	0	0	NE
CR_09190C_A		GELC0956	Plate 08	C07	0	0	NE
CR_09010C_A		GELC0957	Plate 08	C08	0	0	NE
C2_00880W_A		GELC0958	Plate 08	C09	0	0	NE
C2_00230W_A		GELC0959	Plate 08	C10	0	0	NE
C5_03640W_A		GELC0961	Plate 08	C11	0	0	NE
C7_04220W_A		GELC0962	Plate 08	C12	0	0	NE
CR_10840C_A		GELC0963	Plate 08	D01	0	0	NE
C4_06960W_A		GELC0964	Plate 08	D02	0	0	NE
C4_00050W_A		GELC0965	Plate 08	D03	0	0	NE
CR_04530W_A		GELC0966	Plate 08	D04	0	0	NE
C4_06750C_A		GELC0967	Plate 08	D05	0	0	NE
C1_14380C_A		GELC0969	Plate 08	D06	0	0	NE
C3_00210C_A		GELC0983	Plate 08	D07	0	0	NE
CR_10760C_A		GELC0984	Plate 08	D08	0	0	NE
C7_04240C_A		GELC0985	Plate 08	D09	0	0	NE
C2_00050C_A		GELC0987	Plate 08	D10	0	0	NE
C1_09330W_A		GELC0988	Plate 08	D11	0	0	NE
C1_01080W_A		GELC0990	Plate 08	D12	0	0	NE
C6_01670W_A		GELC0991	Plate 08	E01	0	0	NE
C4_00180W_A		GELC0993	Plate 08	E02	0	0	NE
CR_02030C_A		GELC0994	Plate 08	E03	0	0	NE
C1_06980C_A		GELC0995	Plate 08	E04	0	0	NE
C6_04440C_A		GELC0996	Plate 08	E05	0	0	NE
C2_10620W_A		GELC0998	Plate 08	E06	0	0	NE
C2_09690C_A		GELC1001	Plate 08	E07	0	0	NE
C1_14370W_A		GELC1002	Plate 08	E08	0	0	NE
C1_14180W_A		GELC1003	Plate 08	E09	0	0	NE
CR_08710W_A		GELC1005	Plate 08	E10	0	0	NE
C6_02610C_A		GELC1006	Plate 08	E11	0	0	NE
C2_00320W_A		GELC1012	Plate 08	E12	0	0	NE
C3_06570C_A		GELC1016	Plate 08	F01	0	0	NE
C3_04890W_A		GELC1017	Plate 08	F02	0	0	NE
C3_05210C_A		GELC1018	Plate 08	F03	0	0	NE
C6_00980C_A		GELC1019	Plate 08	F04	0	0	NE
C1_10560C_A		GELC1020	Plate 08	F05	0	0	NE
C6_00990W_A		GELC1022	Plate 08	F06	0	0	NE
CR_05310W_A		GELC1023	Plate 08	F07	0	0	NE
C1_03790C_A		GELC1024	Plate 08	F08	0	0	NE
C1_03750W_A		GELC1025	Plate 08	F09	0	0	NE
C1_04200C_A		GELC1029	Plate 08	F10	0	0	NE
C1_04220C_A		GELC1030	Plate 08	F11	0	0	NE
C1_04250C_A		GELC1031	Plate 08	F12	0	0	NE
C6_04230W_A		GELC1032	Plate 08	G01	0	0	NE
C6_04260C_A		GELC1033	Plate 08	G02	0	0	NE
C6_04370W_A		GELC1036	Plate 08	G03	0	0.333333333	GD
CR_07140C_A		GELC1037	Plate 08	G04	0	0	NE
C5_03870C_A		GELC1038	Plate 08	G05	0	0	NE
C5_03860W_A		GELC1039	Plate 08	G06	0	0	NE
C5_03810C_A		GELC1040	Plate 08	G07	0	0	NE
C5_03740W_A		GELC1043	Plate 08	G08	0	0	NE
C1_11620W_A		GELC1054	Plate 08	G09	0	0	NE
C1_11580W_A		GELC1055	Plate 08	G10	0	0	NE
C1_11560C_A		GELC1056	Plate 08	G11	0	0	NE
C1_11510C_A		GELC1057	Plate 08	G12	0	0	NE
C6_00300C_A		GELC1061	Plate 08	H01	0	0	NE
C6_00380C_A		GELC1063	Plate 08	H02	0	0	NE
C6_00390W_A		GELC1064	Plate 08	H03	0	0	NE
C6_01160W_A		GELC1067	Plate 08	H04	0	0	NE
C1_07710C_A		GELC1068	Plate 08	H05	0	2	GD
C4_05560C_A		GELC1069	Plate 08	H06	0	0	NE
C4_05750C_A		GELC1073	Plate 08	H07	0	0	NE
C4_05770C_A		GELC1074	Plate 08	H08	0	0	NE
C4_05890W_A		GELC1076	Plate 08	H09	0	0	NE
C5_04040C_A		GELC1077	Plate 08	H10	0	0	NE
C4_03780C_A		GELC1078	Plate 08	H11	0	0	NE
C4_03710C_A		GELC1081	Plate 08	H12	0	0	NE
	CaLC3365 Wild type HIS+		Plate 09	A01			
	CaLC6106 Wild type HIS-		Plate 09	A02			
	tetO-BRC1 Nonessential control		Plate 09	A03			
	tetO-HSP90 Essential control		Plate 09	A04			
C1_13360C_A		GELC0050	Plate 09	A05	0	0	NE
C1_14000C_A		GELC0052	Plate 09	A06	0	0	NE
C2_08180C_A		GELC0070	Plate 09	A07	0	0.25	GD
C3_05150W_A		GELC0083	Plate 09	A08	0	2	GD
	Empty		Plate 09	A09			
	Empty		Plate 09	A10			
C5_01540W_A		GELC0107	Plate 09	A11	0	4	E
C5_05490C_A		GELC0110	Plate 09	A12	0	4	E
CR_10370W_A		GELC0194	Plate 09	B01	0	0	NE
CR_03290C_A		GELC0269	Plate 09	B02	0	0	NE
C2_01110C_A		GELC0270	Plate 09	B03	0	0	NE
C3_02260C_A		GELC0271	Plate 09	B04	0	0	NE
C3_00550C_A		GELC0286	Plate 09	B05	0	0	NE
C2_08270C_A		GELC0295	Plate 09	B06	0	0	NE
C5_05100C_A		GELC0299	Plate 09	B07	0	0	NE
C7_03940C_A		GELC0302	Plate 09	B08	0	0	NE
C2_07130C_A		GELC0306	Plate 09	B09	0	0	NE
C2_07530C_A		GELC0321	Plate 09	B10	0	0	NE
C4_06260W_A		GELC0324	Plate 09	B11	0	0	NE
C6_00160W_A		GELC0325	Plate 09	B12	0	0	NE
CR_04440C_A		GELC0326	Plate 09	C01	0	0	NE
CR_08510W_A		GELC0327	Plate 09	C02	0	0	NE
C1_13290W_A		GELC0330	Plate 09	C03	0	0	NE
C2_08430C_A		GELC0336	Plate 09	C04	0	0	NE
C2_08980C_A		GELC0338	Plate 09	C05	0	0	NE
C7_02300W_A		GELC0557	Plate 09	C06	0	0	NE
C1_05070C_A		GELC0559	Plate 09	C07	0	0	NE
C4_04050C_A		GELC0560	Plate 09	C08	0	0	NE
C4_03520C_A		GELC0562	Plate 09	C09	0	0	NE
CR_04900C_A		GELC0563	Plate 09	C10	0	0	NE
C2_03720W_A		GELC0564	Plate 09	C11	0	0	NE
CR_02750C_A		GELC0566	Plate 09	C12	0	0	NE
C2_00080C_A		GELC0567	Plate 09	D01	0	0	NE
C5_00410W_A		GELC0568	Plate 09	D02	0	0	NE
CR_02290W_A		GELC0569	Plate 09	D03	0	0	NE
C2_09130C_A		GELC0571	Plate 09	D04	0	0	NE
CR_10480W_A		GELC0572	Plate 09	D05	0	0	NE
C4_01350W_A		GELC0573	Plate 09	D06	0	0	NE
C7_03290C_A		GELC0574	Plate 09	D07	0	0	NE
C4_01000C_A		GELC0576	Plate 09	D08	0	0	NE
C4_00120W_A		GELC0577	Plate 09	D09	0	0	NE
C4_00130W_A		GELC0578	Plate 09	D10	0	0	NE
C1_03190C_A		GELC0579	Plate 09	D11	0	0	NE
C1_04190C_A		GELC0580	Plate 09	D12	0	0	NE
C3_02450W_A		GELC0587	Plate 09	E01	0	0	NE
C2_10530C_A		GELC0599	Plate 09	E02	0	0	NE
C7_02220C_A		GELC0600	Plate 09	E03	0	0	NE
C2_07210C_A		GELC0601	Plate 09	E04	0	0	NE
C2_06670C_A		GELC0603	Plate 09	E05	0	0	NE
C2_10700C_A		GELC0604	Plate 09	E06	0	0	NE
C1_14010W_A		GELC0605	Plate 09	E07	0	0	NE
C3_03850C_A		GELC0606	Plate 09	E08	0	0	NE
C6_03920W_A		GELC0607	Plate 09	E09	0	0	NE
C3_02100W_A		GELC0608	Plate 09	E10	0	0	NE
C1_06360W_A		GELC0609	Plate 09	E11	0	0	NE
C1_10950C_A		GELC0610	Plate 09	E12	0	0	NE
C3_02720W_A		GELC0611	Plate 09	F01	0	0	NE
C2_08860W_A		GELC0612	Plate 09	F02	0	0	NE
C4_03930C_A		GELC0617	Plate 09	F03	0	0	NE
C3_04710W_A		GELC1008	Plate 09	F04	0	0	NE
C3_05200W_A		GELC1011	Plate 09	F05	0	4	E
C4_05590W_A		GELC1070	Plate 09	F06	0	0	NE
C6_01200W_A		GELC1082	Plate 09	F07	0	0	NE
C4_03590C_A		GELC1083	Plate 09	F08	0	0	NE
C4_03560W_A		GELC1084	Plate 09	F09	0	0	NE
C4_03530W_A		GELC1085	Plate 09	F10	0	0	NE
C1_03950C_A		GELC1181	Plate 09	F11	0	0	NE
C2_06600W_A		GELC1425	Plate 09	F12	0	0	NE
C2_04290W_A		GELC1467	Plate 09	G01	0	0	NE
C4_02160C_A		GELC1468	Plate 09	G02	0	0	NE
C1_00940W_A		GELC1470	Plate 09	G03	0	3	E
C1_03030W_A		GELC1474	Plate 09	G04	0	4	E
C1_03110W_A		GELC1475	Plate 09	G05	0	4	E
C1_04610W_A		GELC1477	Plate 09	G06	0	0	NE
C1_05720W_A		GELC1479	Plate 09	G07	0	4	E
C1_10390C_A		GELC1487	Plate 09	G08	0	4	E
C1_10870W_A		GELC1488	Plate 09	G09	0	4	E
C1_11360W_A		GELC1492	Plate 09	G10	0	3.25	E
C2_05710C_A		GELC1504	Plate 09	G11	0	4	E
C2_06650C_A		GELC1506	Plate 09	G12	0	0	NE
C3_05370C_A		GELC1510	Plate 09	H01	0	4	E
C4_01700C_A		GELC1513	Plate 09	H02	0	4	E
C4_04480C_A		GELC1516	Plate 09	H03	0	0	NE
C4_04900W_A		GELC1517	Plate 09	H04	0	4	E
C5_00370W_A		GELC1519	Plate 09	H05	0	2.75	E
C5_04590C_A		GELC1525	Plate 09	H06	0	4	E
C6_00650C_A		GELC1527	Plate 09	H07	0	4	E
C6_01700W_A		GELC1530	Plate 09	H08	0	4	E
C7_00710W_A		GELC1532	Plate 09	H09	0	4	E
C7_00960W_A		GELC1535	Plate 09	H10	0	4	E
CR_03770C_A		GELC1540	Plate 09	H11	0	4	E
C3_07420W_A		GELC1650	Plate 09	H12	0	0	NE
	CaLC3365 Wild type HIS+		Plate 10	A01			
	CaLC6106 Wild type HIS-		Plate 10	A02			
	tetO-BRC1 Nonessential control		Plate 10	A03			
	tetO-HSP90 Essential control		Plate 10	A04			
C2_01830W_A		GELC0006	Plate 10	A05	0.5	4	E
C3_02110W_A		GELC0007	Plate 10	A06	0	3	E
C1_00180W_A		GELC0010	Plate 10	A07	0	4	E
C2_02310W_A		GELC0027	Plate 10	A08	0	0	NE
C1_13700W_A		GELC0051	Plate 10	A09	0	4	E
	Empty		Plate 10	A10			
	Empty		Plate 10	A11			
C2_03810C_A		GELC0062	Plate 10	A12	0	4	E
C3_00090W_A		GELC0074	Plate 10	B01	0	4	E
C3_04670C_A		GELC0080	Plate 10	B02	0	4	E
C3_05100C_A		GELC0082	Plate 10	B03	0	4	E
C4_01270W_A		GELC0095	Plate 10	B04	0	4	E
C4_01520C_A		GELC0096	Plate 10	B05	0	4	E
C4_03270W_A		GELC0099	Plate 10	B06	0	0	NE
C2_09380W_A		GELC0186	Plate 10	B07	0	3	E
C4_04220W_A		GELC0239	Plate 10	B08	0	2	GD
C1_06100C_A		GELC0383	Plate 10	B09	0	3.5	E
C6_01970C_A		GELC0387	Plate 10	B10	0	4	E
CR_07510W_A		GELC0390	Plate 10	B11	0	4	E
C2_08760C_A		GELC0442	Plate 10	B12	0	2.75	E
C6_01610W_A		GELC0446	Plate 10	C01	0	3	E
CR_06160C_A		GELC0626	Plate 10	C02	0	2	GD
CR_02700W_A		GELC0629	Plate 10	C03	0	0	NE
CR_08090W_A		GELC0919	Plate 10	C04	0	2.5	E
C1_03220C_A		GELC1098	Plate 10	C05	0	0.75	GD
C1_06460C_A		GELC1193	Plate 10	C06	0	0.5	GD
C3_02320W_A		GELC1324	Plate 10	C07	0	3	E
C1_06470W_A		GELC1481	Plate 10	C08	0	0.25	GD
C1_10100C_A		GELC1486	Plate 10	C09	0	1.5	GD
C1_12390C_A		GELC1493	Plate 10	C10	0	4	E
C1_13050W_A		GELC1494	Plate 10	C11	0	4	E
C1_14090W_A		GELC1496	Plate 10	C12	0	3	E
C2_01610C_A		GELC1498	Plate 10	D01	0	4	E
C2_03960W_A		GELC1501	Plate 10	D02	0	4	E
C2_05410W_A		GELC1502	Plate 10	D03	0	1.25	GD
C2_05610C_A		GELC1503	Plate 10	D04	0	4	E
C2_06240W_A		GELC1505	Plate 10	D05	0	4	E
CR_07630C_A		GELC1542	Plate 10	D06	0	4	E
CR_08010W_A		GELC1543	Plate 10	D07	0	3.5	E
C2_06810C_A		GELC1574	Plate 10	D08	0	4	E
CR_05050W_A		GELC1653	Plate 10	D09	0	4	E
C3_07750W_A		GELC1655	Plate 10	D10	0	3.25	E
C3_06870W_A		GELC1657	Plate 10	D11	0.25	4	E
CR_03830C_A		GELC1658	Plate 10	D12	0	4	E
C2_04020C_A		GELC1661	Plate 10	E01	0	0	NE
C2_05530C_A		GELC1663	Plate 10	E02	0	0	NE
C2_09740W_A		GELC1664	Plate 10	E03	0	4	E
C4_01050C_A		GELC1666	Plate 10	E04	0	4	E
C1_04180W_A		GELC1667	Plate 10	E05	0	0.5	GD
C4_01710C_A		GELC1668	Plate 10	E06	0	0	NE
CR_04100C_A		GELC1669	Plate 10	E07	0	4	E
C1_03020C_A		GELC1670	Plate 10	E08	0	4	E
C2_01710W_A		GELC1683	Plate 10	E09	0	0.5	GD
C4_04910C_A		GELC1684	Plate 10	E10	0	0	NE
C5_00770C_A		GRACE10D3	Plate 10	E11	0	4	E
C1_02640C_A		GRACE18C11	Plate 10	E12	0	0.75	GD
C2_05680W_A		GRACE10D5	Plate 10	F01	0	0	NE
CR_06000W_A		GELC0602	Plate 10	F02	0	0	NE
C1_11060C_A		GELC1491	Plate 10	G07	0	4	E
C5_03540C_A		GELC1523	Plate 10	G08	0	0	NE
C5_04080C_A		GELC1524	Plate 10	G09	0	0	NE
C4_06720W_A		GELC1652	Plate 10	G10	0	4	E
C1_05780W_A		GELC1660	Plate 10	G11	0	0.5	GD
C2_05190W_A		GELC1742	Plate 10	G12	0	0	NE
C2_00220C_A		GELC1743	Plate 10	H01	0	0	NE
C3_02470C_A		GELC1745	Plate 10	H02	0	4	E
C2_04600C_A		GELC1747	Plate 10	H03	0	3.5	E
CR_07420W_A		GELC1749	Plate 10	H04	0	0.75	GD